{"cameraMode":{"drawMode":0,"name":"Shaded","section":"Shading Mode"},"sceneLighting":false,"audioPlay":false,"sceneViewState":{"m_AlwaysRefresh":false,"showFog":true,"showSkybox":true,"showFlares":true,"showImageEffects":true,"showParticleSystems":true,"showVisualEffectGraphs":true,"m_FxEnabled":true},"in2DMode":false,"pivot":{"x":-10.689416885375977,"y":8.832963943481446,"z":3.8839058876037599},"rotation":{"x":-0.01106844563037157,"y":-0.7125738859176636,"z":0.011434640735387802,"w":-0.7027105689048767},"size":2.5063252449035646,"orthographic":false}