{"cameraMode":{"drawMode":0,"name":"Shaded","section":"Shading Mode"},"sceneLighting":true,"audioPlay":false,"sceneViewState":{"m_AlwaysRefresh":false,"showFog":true,"showSkybox":true,"showFlares":true,"showImageEffects":true,"showParticleSystems":true,"showVisualEffectGraphs":true,"m_FxEnabled":true},"in2DMode":false,"pivot":{"x":1.8428126573562623,"y":-1.5025004148483277,"z":12.886801719665528},"rotation":{"x":-0.1681160181760788,"y":-0.0059297773987054829,"z":0.0008086407324299216,"w":-0.9858226180076599},"size":15.405956268310547,"orthographic":false}