{"cameraMode":{"drawMode":0,"name":"Shaded","section":"Shading Mode"},"sceneLighting":false,"audioPlay":false,"sceneViewState":{"m_AlwaysRefresh":false,"showFog":true,"showSkybox":true,"showFlares":true,"showImageEffects":true,"showParticleSystems":true,"showVisualEffectGraphs":true,"m_FxEnabled":true},"in2DMode":false,"pivot":{"x":-0.7981552481651306,"y":8.177756309509278,"z":-4.85999870300293},"rotation":{"x":0.27656447887420657,"y":-0.015092873014509678,"z":0.004226220306009054,"w":0.9610147476196289},"size":12.12435531616211,"orthographic":false}