{"cameraMode":{"drawMode":0,"name":"Shaded","section":"Shading Mode"},"sceneLighting":false,"audioPlay":false,"sceneViewState":{"m_AlwaysRefresh":false,"showFog":true,"showSkybox":true,"showFlares":true,"showImageEffects":true,"showParticleSystems":true,"showVisualEffectGraphs":true,"m_FxEnabled":true},"in2DMode":false,"pivot":{"x":2088.74267578125,"y":969.3223266601563,"z":-31.240358352661134},"rotation":{"x":0.011108576320111752,"y":-0.002558545907959342,"z":-0.000416289345594123,"w":-1.000739574432373},"size":1012.6272583007813,"orthographic":false}