{"cameraMode":{"drawMode":0,"name":"Shaded","section":"Shading Mode"},"sceneLighting":true,"audioPlay":false,"sceneViewState":{"m_AlwaysRefresh":false,"showFog":true,"showSkybox":true,"showFlares":true,"showImageEffects":true,"showParticleSystems":true,"showVisualEffectGraphs":true,"m_FxEnabled":true},"in2DMode":false,"pivot":{"x":0.2619045376777649,"y":-5.186119556427002,"z":9.116670608520508},"rotation":{"x":-0.27831169962882998,"y":-0.042622655630111697,"z":0.012399295344948769,"w":-0.9595156908035278},"size":6.927194118499756,"orthographic":false}