{"cameraMode":{"drawMode":0,"name":"Shaded","section":"Shading Mode"},"sceneLighting":true,"audioPlay":false,"sceneViewState":{"m_AlwaysRefresh":false,"showFog":true,"showSkybox":true,"showFlares":true,"showImageEffects":true,"showParticleSystems":true,"showVisualEffectGraphs":true,"m_FxEnabled":true},"in2DMode":false,"pivot":{"x":1.7734612226486207,"y":1.577323317527771,"z":8.752750396728516},"rotation":{"x":-0.19388656318187715,"y":-0.04353923350572586,"z":0.008645784109830857,"w":-0.9800686836242676},"size":12.604147911071778,"orthographic":false}