{"cameraMode":{"drawMode":0,"name":"Shaded","section":"Shading Mode"},"sceneLighting":false,"audioPlay":false,"sceneViewState":{"m_AlwaysRefresh":false,"showFog":true,"showSkybox":true,"showFlares":true,"showImageEffects":true,"showParticleSystems":true,"showVisualEffectGraphs":true,"m_FxEnabled":true},"in2DMode":false,"pivot":{"x":-13.927177429199219,"y":30.203449249267579,"z":-7.347431182861328},"rotation":{"x":-0.07513438910245896,"y":-0.47786766290664675,"z":-0.041216105222702029,"w":0.8744018077850342},"size":48.77621078491211,"orthographic":false}