{"cameraMode":{"drawMode":0,"name":"Shaded","section":"Shading Mode"},"sceneLighting":false,"audioPlay":false,"sceneViewState":{"m_AlwaysRefresh":false,"showFog":true,"showSkybox":true,"showFlares":true,"showImageEffects":true,"showParticleSystems":true,"showVisualEffectGraphs":true,"m_FxEnabled":true},"in2DMode":false,"pivot":{"x":1256.8621826171875,"y":393.8638610839844,"z":-350.5798034667969},"rotation":{"x":-0.09992938488721848,"y":0.05140069127082825,"z":-0.005153947975486517,"w":-0.9938395619392395},"size":43.29468536376953,"orthographic":false}