{"cameraMode":{"drawMode":0,"name":"Shaded","section":"Shading Mode"},"sceneLighting":true,"audioPlay":false,"sceneViewState":{"m_AlwaysRefresh":false,"showFog":true,"showSkybox":true,"showFlares":true,"showImageEffects":true,"showParticleSystems":true,"showVisualEffectGraphs":true,"m_FxEnabled":true},"in2DMode":false,"pivot":{"x":4.7503275871276859,"y":-2.1979668140411379,"z":14.21172046661377},"rotation":{"x":-0.1681160181760788,"y":-0.0059297773987054829,"z":0.0008086407324299216,"w":-0.9858226180076599},"size":8.490221977233887,"orthographic":false}