{"cameraMode":{"drawMode":0,"name":"Shaded","section":"Shading Mode"},"sceneLighting":false,"audioPlay":false,"sceneViewState":{"m_AlwaysRefresh":false,"showFog":true,"showSkybox":true,"showFlares":true,"showImageEffects":true,"showParticleSystems":true,"showVisualEffectGraphs":true,"m_FxEnabled":true},"in2DMode":false,"pivot":{"x":49.436439514160159,"y":12.86988353729248,"z":30.096792221069337},"rotation":{"x":0.01620345190167427,"y":-0.04415936395525932,"z":0.0005438133957795799,"w":0.9990334510803223},"size":183.42068481445313,"orthographic":false}