{"cameraMode":{"drawMode":0,"name":"Shaded","section":"Shading Mode"},"sceneLighting":true,"audioPlay":false,"sceneViewState":{"m_AlwaysRefresh":false,"showFog":true,"showSkybox":true,"showFlares":true,"showImageEffects":true,"showParticleSystems":true,"showVisualEffectGraphs":true,"m_FxEnabled":true},"in2DMode":false,"pivot":{"x":2.902273654937744,"y":6.49758243560791,"z":-3.6603903770446779},"rotation":{"x":-0.2336398959159851,"y":-0.0023311914410442116,"z":0.0005785825196653605,"w":-0.9723683595657349},"size":2.3630080223083498,"orthographic":false}