{"cameraMode":{"drawMode":0,"name":"Shaded","section":"Shading Mode"},"sceneLighting":false,"audioPlay":false,"sceneViewState":{"m_AlwaysRefresh":false,"showFog":true,"showSkybox":true,"showFlares":true,"showImageEffects":true,"showParticleSystems":true,"showVisualEffectGraphs":true,"m_FxEnabled":true},"in2DMode":false,"pivot":{"x":225.69918823242188,"y":997.46044921875,"z":-3802.46142578125},"rotation":{"x":-0.0041618747636675838,"y":0.11643277108669281,"z":0.00048517785035073757,"w":0.9932155609130859},"size":28.868240356445314,"orthographic":false}