{"cameraMode":{"drawMode":0,"name":"Shaded","section":"Shading Mode"},"sceneLighting":true,"audioPlay":false,"sceneViewState":{"m_AlwaysRefresh":false,"showFog":true,"showSkybox":true,"showFlares":true,"showImageEffects":true,"showParticleSystems":true,"showVisualEffectGraphs":true,"m_FxEnabled":true},"in2DMode":false,"pivot":{"x":0.9813152551651001,"y":-0.5565268993377686,"z":3.2391693592071535},"rotation":{"x":-0.20933714509010316,"y":-0.016157833859324456,"z":0.003256293013691902,"w":-0.977774977684021},"size":8.490221977233887,"orthographic":false}